kazusn (),1266
k09090806 (JY),475
hesione (我離開我自己),439
mdbm (Chaos),432
zeze (無尾貓),364
oblivionall (oblivion),337
burgergirl (20 seconds insane),311
qqqlisa (兔子蹦蹦跳跳),298
Astragali (Soldier A),286
s00azure (大叔，愛が重い),257
eternalfall (不能飛所以墜落),254
ktta (一手好牌),238
littlewren (wren),204
Llingjing (冷劍塵),200
zeze (籠中鳥),194
gossiplarry (賴瑞),192
p1026 (豬),181
viable (viable),179
fervorya (一丄上止正),177
yehz (葉子),173
epoch3004 (木字旁),171
ezk (蒲葵貓),171
lickmebaby (孤獨、混亂、失落感..),156
DavidJam (平安是福),144
pinpo (孤獨患者),143
DavidJam (平安又有錢才是福),142
sea212 (sea212),139
meatkai (凱),137
s00azure (大叔 [ - 班長 - ]),135
isaki1987 (N/A),131
z881331 (絨毛雞),128
Astragali (靜默回音),127
angel86015 (小槑),118
kid3875215 (銘哥),104
Miuramakii (楚楚),92
FlyFuta (腐來腐太),88
lyviasun (:)),88
Nishikino252 (にこちゃんのNo.1ファン),86
UntermRad (黃色檸檬樹),71
yukilala (水藍色),71
belt (可可-smokin' cigarette),70
testguest (小晃晃之水藍色瘋言瘋語),66
FlyFuta (想做啥就做啥的腐太),65
mayday0609 (Rock!!!),64
lickmebaby (一點辦法都沒有嗎),62
rainchan (夜),62
bluesky209 (空空),61
s00azure (- 班長 -),60
QQcutecat (QQ cat),59
swingcola (   ),59
heartfine (關妍),57
MATSUMIA (MSTSUMIA),57
lickmebaby (*0*),56
ilovemus (io),52
jayyen7 (小傑),52
tracyming (汪汪),52
mdbaco (一路好走),52
favit (living),51
oubravo (箱子),51
www329 ( 川 川),50
a19930615 (喵喵),49
shiar6918 (綠繡貓頭鷹),48
ui5550 (雨一直下),47
stardust2410 (搖滾芭比),45
Auld1228 (而立之年...我依舊困惑~~),43
EucalyDog (Eucalyptus),42
"PeopleLife (PeopleLife,Ocean Wild)",41
DavidJam (改過向善ing.....),41
sawakiba (狼與花),41
"koxinga (""肇事""孤兒)",40
iflifer (iflifer),40
gigigin (情人知己),39
EKARD (伊卡),39
fervorya (雞雞雞雞雞雞雞雞雞雞雞),39
wasse0402 (孤獨一隻蝦),38
babylickme (當白雪染遍了街頭...),38
knai (K),37
jytong95130 (小童),37
j86968696n (小蝦),37
georgebox (Orz3344),36
sanelle (sanelle),36
ADHD (注意力不足過動症),36
nagnukiy (冠),35
zh010919 (Ashliy),35
a8870227 (frengers),35
s87873466 (),35
LuySC (Luy),35
Maplelatte (楓楓 站崗真的很辛苦),35
searchmark (mark),34
violet1001 (夠了),34
kafuka (   ),34
Yinsin (21歲憂鬱大叔),34
roadstone (roadstone),33
jessieam1 (Jessie),31
leisurem (leisurem),31
babylickme (龍貓),30
Yinsin (少女心大叔),30
Belieeve (芥末拿鐵),30
vul3b03 (小染),30
bartwang (Lonely),30
Nianyi (Nianyi(小念)),30
rosy0128 (沉默娃娃),30
alice0730 (alice),29
anny2655 (阿竫-赤飯とピコは俺の嫁),29
zxc2003 (zara),29
keepfaith5 (囧囧),28
ke11y2947 (小可),28
Small ( ),28
pttmap (不配),28
azurovy (微笑是最好的佈施),28
lisbestod (馥山),28
iob1234 (奈奈),28
krystal97 (彤彤彤),28
ellen19950 (ellen hsu),27
t133qaz (wwtww),27
MATSUMIA (MATSUMIA),27
MATSUMIA (TSUBAKI_MSTSUMIA),27
Uehara5566 (雜草魂),27
sept1 (sept),27
xqueerx (sad news...),26
knai (月),26
cgmix07 (繪夢人7號),26
sheryl721 (地瓜喵),26
kinds1713 (郁),25
hitachi93 (半夜睡不著覺),25
dreamtp (Monica),25
samskara (天空),25
dont2mind (想破腦袋),25
n761103 (巧克力布朗尼),25
juliechen (JC),25
wasse0402 (孤獨一隻肥宅蝦OwO),25
skizzy (27歲的叛逆中二廚),25
SystemL (一輩子都是少女心),24
yanbol2001 (紫硯),23
rosalic0423 (流緒),23
ceyeles (ceyeles),23
celo (celo),23
angelsgone (angelsgone),23
vacillation (  ),23
f1000702 (qqmai),23
kthurt (希逢),22
Auld1228 (誰說手放開 心就寬..胡扯),22
jenny1365 (啊詩),22
szuming0603 (陳小名),22
koxinga (顧逸書),22
yslgreen (綠白y),22
flying1618 (六年),22
wandog (慢跑中毒),21
nightcap (月荷),20
thinkofit (唔..),20
stephensou (C'est fini 911),20
Mien0210 (Mien),20
RainbowRain (彩虹雨),20
chanel92 (小香),20
howdoyoufeel (你感覺如何？),20
talkingqueen (talkingqueen),20
pttmap (celiahoney),20
zeze (立ち止るな、歩き続けろ),20
ninomiyachan (にのみや),19
kagomechan (愛麗絲),19
miniyiejo (小苡),19
xqueerx (宝兒),19
skizzy (老闆我小魯),19
sjgau (sjgau),19
lovefish26 (球球滾一滾),19
EM2A (死  結),19
squen (咪花恰的媽),19
jasmine31 (jasmine),19
hsuting423 (超級大西瓜),19
xqueerx (),18
dagen (隨意自行車),18
fervorya (fervorya),18
lucy841230 (YWJ),18
Austin1102 (Austin),18
tartrate (Zolpidem),18
einsamer (刺蝟的優雅),18
shortcat (小喵),18
Cing85 (晴天裡的西雅圖),18
sxamei (野薔薇),17
DavidJam (懺罪),17
kay1003 (kay),17
apglis2009 (阿笙鳳梨),17
scpsmarkfran (馬克馥藍恩),17
gasbomb (虛空雷神獸),17
agapeart (心受創藝場),17
Caedes (錚錚然),17
Ycbravero (),17
linnnng (linnnng),17
bunnymen (EXCELSIOR),17
stillclean (原點),17
akay08 (Ara_K),17
happysad (永夜),16
littlecactus (cactus),16
manny520 (刮刮樂一哥),16
piedtw (夢幻泡影),16
singtone (sing),16
xlpotato (大薯),16
heybbb (),16
TFIN ( 這週六 幸福),16
hi6180 (低調之松鼠小吉),16
brucecsms (brucecsms),15
lemonish98 (草萱),15
tearsoffish (魚的眼淚),15
stacy62123 (GAP),15
wanchieh (披著狼皮的羊),15
sean7585 (飄 楓),15
icandd (阿拉蕾),15
emerald948 (可魯貝洛斯),15
clark0816 (阿杯),15
CharlotteHM (Lottie),15
LouiseaX (),14
karencc (水原薫),14
mp4jp6 (無言...),14
sawakiba (redhappybike),14
xing0730 (Ｃ),14
llltwilight (llltwilight),14
ping15372 (金金),14
lickmebaby (Rebirth),14
oldoll (GoGo_),14
Yinsin (YinsinTW),14
dire4422 (虫二),14
azure567812 (卡貝爾涅),14
xqueerx (私奔*和我自己),14
latwig (拉樹枝),14
georgebox (阿元仔),14
chonolin (chono),13
iamsheep (??),13
ej01019 (真正),13
jk529300 (小花一朵朵),13
Yamishibai (門立日艸之尸古),13
eocforever (重度憂鬱),13
nanakosun (AreYouWatchingClosely?),13
iyashi (以呀西),13
Wanda18 (汪打),13
aizai (aizai),13
DDDrogba (目標:半獸人),13
bettycross (QQ),13
KSWW (KSWW),12
whetherif (是否),12
wmigrant (migrant),12
zxc1357979 (張凌),12
suikar (小影),12
johnsky75 (Sky),12
Maite (等轉讓都不能出門就是了),12
sosor (sosor),12
pround06 (路路),12
siwa (是我),12
besweety (天使拉),12
lydiahsieh (Lydia),12
Inprozac (  ),12
andyex0734 (yeandy),12
viv0055 (鳳梨酥),12
Belikova ( ),12
Miuramaki (楊梅曲家瑞),12
SummerWeed (日草),12
feynmanx (Westworld Arnold),12
blueassli (封印中),12
ilegenes (ilegenes),12
j86968696n (冷風),11
bonoo (),11
jiun304 (Genger),11
gn15285 (比哭還絕望),11
Eevee (Eevee),11
delephinewu (達芙妮),11
manny520 (阿神),11
MrSinister (生死晦明幻滅微塵),11
bewitch (在世界指尖跳舞),11
Annydodo (。單純是種快樂。),11
vivy520 (麵包重於愛情),11
postpet7637 (一個人的快樂學),11
pigmimicat (dsf),11
Nianyi (Nianyi(夜貓)),11
haorthia (艶窓達磨),11
MChyde (@台北),11
itieQ (川島未生子),11
Lucario (路卡利歐),11
phoebe9517 (Mercury),11
mariposa (Mariposa),11
y8 (Y8),11
bluesnow (小雪),10
satalia (Lisa),10
fllc (NCYU芒果),10
relia (喔翁斌~),10
LMakoto (無責任音樂製作),10
n761103 (Brownie),10
yentasi (飄揚的落葉),10
squirrel9272 (松鼠),10
chiuma (小兩),10
APPLEin5566 (蘋果硬56),10
ahliz (半糖草莓醬),10
Yau1209 (阿遙),10
jytong95130 (憂鬱天使),10
ParaTuAmor (ParaTuAmor),10
jummi (就米),10
averyavery (一直睡的人生藍圖),10
asak (竹子狐),10
koxinga (環保的美樂家),10
wearesad5566 (我難過),10
may108 (老狗),10
testguest (老晃晃之水藍色瘋言瘋語),10
neco0224 (妮妮),10
ui5550 (老娘),10
gzilla (gzilla),9
lyviasun (夏逝),9
sosor ( ),9
DUCK1997 (呱),9
duck12321 (達克),9
miuu ( ),9
bji42 (若),9
naomidori (midori),9
angelacw (伊卡露絲),9
book3000 (),9
eocforever (保持平靜還真不容易),9
DavidJam (($)是一切),9
HeCseO (),9
QB1982 (QB1982),9
skizzy (要錢沒有要命一條),9
RIPsomeday (蘇十月),9
stephensou (911),9
manny520 (偶是曼尼哥),9
kashi77331 (墨殤),9
joefantasy (d),9
LunaSheep (Amber 緋紅琥珀),9
MII9u (),9
ShenYu1102 (小Yu),9
sue861108 (宇),9
badshrimp (),9
shadow24 (郭小郭),9
eocforever (重度憂鬱->輕度憂鬱),9
angelacw (晴飛),9
dw51920 (滴答),9
miiao (miao),9
RelativeBear (RelativeBear),9
fabrique (fabrique),9
metho (需要改變城市體現內心),9
px37521 (.....),9
DDDrogba (Gallic Rooster),8
ellenis (E),8
bonpoint (暖色調),8
treasurelove (treasurelove),8
Bettymeimei (貝蒂有隻小羊咩),8
Stinox (Stinox),8
lisbestod (杜衡),8
caseyst (casey),8
rurutoday (熱帶水果),8
larme86 (BPD),8
koala1234 (無言的抗議),8
blue415 (1號小姐),8
magicee (因仇恨而存在),8
whuha (清心),8
TibberAnnie (泰貝爾),8
tftt (佐藤韓),8
ro123eo (魯宏),8
tkulwy (22),8
sec5566 (sec),8
qq17430new (children*),8
deanxit (40而不惑),8
yoshi9145 (小碧米米),8
LilyJen (Lily),8
hideperson (隱藏人物),8
kook90002000 (A_King),8
lazyfirst (亞培),8
wami0613 (什麼是笑容),8
lovemypony (大P),8
hugh0304 (hugh),8
babe18 (神之手),8
AASUNDAY (Sunday),8
mizuro (是該開始摟),8
roastflower (烤花),8
nemies (...),8
DCcheng (),8
s9221320 ((@皿@)--C),8
Lyfml (pp),8
depr (鬱醬),8
lifecbegood (阿禾),8
skizzy (存在感像灰塵),8
weirdme (...),8
angel86015 (聰明槑),8
cc228 (cc228),7
csy812 (Fish),7
yesnoecho (我要太陽啦),7
bo4117 (bo),7
bwdikal (bwdikal),7
larry0205 (Larry),7
tccsh0902 (),7
lpking2235 (joker),7
PetiteSaSa (酸甜莎莎),7
andyex0734 (雷斯林的孤獨),7
misolo (現打濃郁的鮮果汁),7
dorisy0816 (麵包超人飛上天 ),7
Chelsea1231 (速度無益),7
blueskymaple (大谷翔平我老公),7
SUJO (Menorah Wen),7
vesnasnowy (妮妮),7
rem20020426 (  囉囉 A-Lo　),7
g4zoco196 (Marc),7
imchubby (恰奇),7
DavidJam (世間短利益，助人真懺悔),7
venus40123 (綺忻),7
sheepinair (綿羊在空中),7
eraser8358 (逃亡者),7
hitachi93 (好想吃火鍋~),7
angelofdemon (柳吟),7
daydreamerrr (dream),7
dcvtgh (dcvtgh),7
dixon801121 (強),7
Mayfly27315 (浪花與蜉蝣),7
cabochon0930 (ぶざまだ),7
ehcysp (祐琳),7
kikibeeee (我有病會傳染),7
gomennna (一二三四五),7
connect98200 (艾兒克（小艾）),7
wwweer267 (Boy),7
bluetit (命中帶煞),7
imning (ning),7
squall716 (),7
shiny07 (機智的小夥伴),7
andgo (熹微),7
sw810317 (HuaiSw),7
skizzy (社會冰原人),7
syxxin (syxxin),7
casper1984 (跟寂寞說再見!),7
jengeddie (calling),7
feather0923 (Feather),7
eri743649 (eri743649),7
salahaga (莎拉),6
carolshih (caao2991),6
miya1202 (小綠),6
happinessgot (Gun),6
JAL96 (JAL96),6
mijiang (螃蟹蟹),6
kicco (我可能不會愛你),6
reedchen (Reed),6
tiano (tiano),6
asmeempty (Asme),6
leafes (沉睡的青春),6
eou (阿妖),6
impinkal666 (貓頭鷹),6
bunnymen (   ),6
brian0857 (大蝦),6
mansuper (大飛鼠),6
yorro (小黃瓜小天才),6
ehbien (井),6
onesadman (一憂子),6
DarkGray2 (灰),6
airmacau (最愛沛瑄(惠翎)),6
jummi (<就>),6
koala1234 (我愛你),6
fusht (飛于),6
NaiveCitrus (籽橙),6
pattyg (佩蒂),6
angel86015 (女生練火球不奇怪),6
j6666lai (鬼鬼www),6
cccyyy104 (小C),6
thedays (那些日子),6
fervorya (八掌溪),6
writer1116 ( ),6
PaPaSoft (左腦的怒吼),6
taleb (tablet),6
akua (阿貴),6
horng31208 (horng31208),6
email5566 (真˙阿湄五六),6
hi6180 (松鼠小吉和臘腸狗),6
hundin (),6
sunbysea (忠言逆耳良藥苦口),6
richmond07 (Richmond),6
ilovesmile (小風兒),6
"retsuy ( 黃金左腳,阿貝)",6
robbie2010 (超可愛的羅比),6
hy30923 ( ),6
sweetgina (蜜蜜),6
Anduck (鴨子羅),6
sodarenee (所向披靡),6
flytodie (飛到死),6
mindful (mindful),6
lihjen (RI),6
chiying0924 (\七七),6
vatfg2005 (罐頭),6
Sorence (陽光女孩),6
wanai (wanai),6
lickmebaby (貝卡斯),6
ChengcheHe (chengche),6
nervesoup (ppp),6
aul321 (小喵),6
peggycat (各位觀眾 五隻貓),5
janjananya (詹詹),5
WANLINGG (火星喵Anaka),5
september918 (貓爺),5
naomichia23 (WeiJhen),5
ui5550 (Shie),5
ddeok (ddeok),5
adishine715 (SKDS),5
naish1120 (聽見下雨的聲音),5
exodus82 (青蛙),5
SnowAmy (小雪),5
kikibeeee (老K),5
yukime46 (卍啊㊣擎♂天♂柱㊣嘶卍),5
rd0617 (比比比比比),5
nothingtocry (年年),5
j20150212 (敏娟),5
quik220 (Gooner4life),5
def995 (宅+腐女),5
gn01398532 (純情小綿羊),5
benson99 (benson),5
Mizukagami (鏡),5
miya1202 (外星人),5
allegreto (The finale),5
jigga (米蘭達),5
fanny40212 (無名氏),5
mydoc (成為守護神),5
bomi (Bomi),5
LKD (BRICs),5
kameelmo (咩毛),5
kinkl (pu),5
hex2bin (二進制),5
paraletic (paraletic),5
byegrapes (白葡萄姐接。),5
kimiomoi (mimi),5
kerans (daybyday),5
didi2931640 (青草茶),5
person427 (小p),5
damnbear (tired),5
bobbytsi (不時龜毛),5
setsuna16 (setsuna16),5
subway0623 (地下鐵),5
balkans (天涼的時候),5
Cindyliou (大小姐),5
t0483516 (emily),5
jacky132qqq (黑暗使者),5
sheenakoala (boybear),5
djljing (娛樂金魚眼),5
apr082012 (群宇揚),5
birdlaysers (小雞),5
Wolfgang9527 (加油!回去吧),5
szachary1020 (墨),5
linyufang (Fang),5
DCcheng (Don't be afraid.),5
BabyAn (U閃亮亮U),5
StarFeather (幻楓冰羽),5
wami0613 (神經病),5
emilyonose (睡眠不足),5
scheissegal (scheissegal),5
to35181 (邊緣人45),5
gcfs1597 (啊呀揑\(・ω・)/),5
kalmiashion (詩音),5
hitachi93 (打工戰士),5
chromedome (金盾怪傑),5
opemhood (大漢堡),5
relia (朴信惠大發!),5
babe (飼料兒),5
CKmoon (CK月),5
error403 (error),5
caregirl (生活簡單知足),5
Hyuui (修),5
blackdrongo (烏秋),5
antonyang (安東羊),5
def995 (記憶),5
mudgame (BAGA),5
aa282959 (),5
DontSayThat (DontSayThat),5
pufflight (puff),5
aquairus129 (Aqua),4
mcflyfan60 (AK水湀),4
oogl (oogl),4
DevilBringer (Nero),4
elbows ( X_X),4
joycelove (瑤兒。　　遙望某個人兒~),4
oliveralain (驢子先生),4
xiaoshar (煞煞),4
sean7585 (吃飽睡),4
Melinoe (穿著番紅花),4
shibahime (),4
Chunya (泰迪),4
zihan000 (紫色的紫),4
pattyg (阿肥媽),4
Akuma5566 (惡魔伍陸),4
nate530 (男版 Mini 158),4
shinemirror (小鏡),4
shine0520 (小君君),4
s162243 (Scarlett O' Hara),4
orz9513641 (。),4
Monk306 (河上小吃葷),4
wyytwo (平安喜樂),4
kk1023 (花花),4
flying1618 (This is not the end),4
jdaemon (不是正妹的我),4
LAN030 (漂泊嵐),4
dkny8210 (喵叔叔),4
Depersonaliz (無面者),4
LEBRA (just go ahead),4
wendycat517 (溫的貓),4
inds (火鍋湯底),4
qekezfeed (mmaarrss),4
babe18 (love國光E姊蘇心甯),4
iris930630 (人格分裂),4
abgreen56 (愛逼綠),4
APPLEin5566 (五股張東建),4
chocosan (時間是富翁),4
kmaj7 (Blue Donkey),4
weirdme (...不算團費？),4
quickalone43 (可可睡覺),4
feynmanx (半死不活的量子態),4
hi6180 (松鼠小吉),4
e223445 (超愛熊),4
onesadman (半緣修道半緣君),4
icing (糖衣),4
windhorses (W H),4
drmartens (malade),4
ERIC3900 ( Eric ),4
eocforever (累？淚？),4
gigoyo (這題我不會),4
Orcakiller (Orcinus orca),4
dreamtiffany (winnie the pooh),4
Qministar (),4
deanxit (愛無止境),4
anatta (南無觀世音菩薩),4
fruitsalad (),4
tsukiji (大司壽),4
SpoilerHater (不必言傳。),4
vollenca (vollenca),4
landyfox (鍛句鍊字是禮貌),4
hsuana (hsuan),4
yizya (yizya),4
GYGARY (我愛棒棒球),4
nudo (y),4
skizzy (天天被霸凌^^),4
AURORAw ( w),4
wami0613 (接近崩潰),4
tea1131 (茶泡飯可以鹹一點就好了),4
homesome999 (^__^),4
Yveeity (),4
selene79616 (豹子),4
coke99 (星星),4
Methadone (美沙酮),4
alfven (馮小丸),4
TVBSN (目前忙碌中),4
lamort (跳舞的死神),4
pingjames (神的遊戲),4
ringshoot (774RS),4
avy245 (牛奶糖),4
Ganges (Ganges),4
vivy520 (沒有資格的刺蝟),4
sback (黑先生),4
knai (水月),4
zazzy (zazzy),4
FLH (FLH),4
MooonRiver ( 在 哪 裡 ？),4
bloodlight (血光),4
kerrylyn (咪嗚~),4
school5566 (千年大嫌者),4
db12467 (miumiu),4
sophia29 (Sophie is back),4
rs87423 (境),4
imning (B),4
ameisherry (salty),4
hi6180 (栗鼠),4
n3248963 (沒有人在乎你在乎的事),4
blackclown (唇),4
imGlacier (冰山小妹哥),4
godroid (嘎),4
torries (朵麗),4
ziji (好賭幽兔),4
yogoin5566 (john),4
joinlove1234 (串燒花枝丸),4
vivy520 (得了健忘症),4
gigigin (),4
sony168 (希望魯叔肥宅的頭髮掉光),4
cutekutar (月之虎),4
syearth (sysearth),4
heartsilent (你麥滷小小),4
m472 (lyc),4
Anda (加油),4
chriswuwu66 (億載金城武),4
kay112566 (shush),4
Sorence (654321),4
beth1314 (晴雨霏霏),4
Croceti (刖),4
nswrth (曲‧終),4
JiangMt (☆風賀忍者☆),4
DividBud (樹葉姑娘),4
frans329 (28),4
andy860106 (Andy),3
Colleen911 (Colleen),3
NTUH (PSY),3
inds (野葛),3
FayKnight (飛翔),3
wstwang (),3
seaopal (opalsea),3
koyotama (艾絲先生),3
Ninniu (牛牛),3
hopebear (只想做自己),3
rem20020426 ( ),3
charene (紫紗),3
lovejiaall (ching),3
chensmallshi (小晞),3
htcasus (1234),3
kinkl (圓PO大嬸),3
quadra (魯蛇－天工者),3
lovemypony (111),3
GeniePei (hyuna_hello),3
miss903620 (早安你好),3
Philostraw (冷菸),3
bonbonshake (bonbonshake),3
idlechild (潔白無瑕蘋果光),3
Sobieski (小索),3
room18 (lava),3
jacky132qqq (jacky132qqq),3
x7791175 (漂泊浮雲),3
shemale (雪梅),3
sa02027 (),3
miboss0711 (Sophie),3
brownmay (十一夜),3
QMCHI (Alice),3
miss903620 (胖胖),3
magicee (，),3
rex1599 (蕾克斯),3
a22998782 (22998782),3
teapa (為什麼突然就不見),3
starshine1 (star),3
joysoy (豆),3
ifromtaiwan (  ),3
qi3qi3 (姑娘下回莫要如此),3
eocforever (假和尚 假扁迷),3
NewIPadPlus (NewIPad),3
shian1215 (優雅迴旋),3
jummi (鳩瞇),3
poi98523 (ＴＺ),3
meitoo (..........),3
elain106 (阿爾花),3
lickmebaby (趁年輕好好努力：D),3
eudemonia (小日子),3
onesadman (療傷燒肉粽),3
mimichung (),3
magicee (坎掉重練),3
minby (秋風秋雨愁煞人),3
marada (海邊漂來的馬達),3
flowergone (花兒),3
yianchung (大個),3
jingfish (靜魚),3
BlackLight (我只是永遠孤單的一個人),3
meeratem (海),3
htkok (孑孓),3
magicee (real),3
doramoi (我想吃燒肉!!!),3
saram (saram),3
balata (沒有不會淡的疤:)),3
s88897s (tiffany),3
babypig5168 (歐野),3
fatball (這個月瘦3公斤),3
emerald948 (青山代碼),3
izhhmmvout (fpxvu),3
wsaq (浪子),3
wusnnin (無),3
blue1152 (悠小米),3
k18898 (Qi),3
ameisherry (sherry),3
Dionisio (La Nuit，),3
stratos1111 (stratos),3
Small (小鬼),3
GabeHypnos (注定一世孤單),3
hohuihsin (落葉翻飛),3
dogchang04 (咕咕流不能亡),3
PURRMI (天邊一條貓),3
jarm147 (淤蓮),3
raspberry112 (犭苗),3
linzda (好疲勞Q_Q),3
orenjneko (orenjneko),3
fuye12 (fuye),3
HolyMickey (唬你米奇),3
skyqiu (珊瑚小天),3
beth1314 (雪舞飄飄),3
bartwang (利禦寇),3
wendy50422 (郭丁兒),3
onijima (jin),3
shoukwai (小怪),3
leombei (leombei),3
zero8888 (zz),3
weeknow (yes),3
arx3721 (Laevatain),3
venusse (venusse),3
momi (如夢幻泡影),3
Pevl (配某),3
ccv1020 (我有一個沈杏仁),3
utoo (utoo),3
sheshe (她她),3
enida (紫雪．寶鏡．睡美人),3
piatigorsky ( ),3
mymicos (mymicos),3
scarlett123 (Scarlett),3
janice0720 (janice),3
gitaboy (),3
prana (花夫子),3
waleyu (芋頭),3
jalene37 (走走停停),3
vivy520 (四千公里的愛情),3
gamagwi ((?)),3
didi3789 (Y.J),3
needfor123 (coldwater),3
mydaddy (爸爸我愛你),3
bumloveme (Charming),3
gigolo5566 (夏蟲),3
penylaj (呸泥辣椒),3
"seres (卜""S)",3
moteel (轉不過來),3
k88k8 (Kenny),3
dchris (沈客(克里斯)),3
chiairis (紛擾中寧靜),3
TF5566 (56姊),3
terry8355 (oo),3
cow09421 (傲嬌戰場原),3
jwjt0130 (Cjw_Kitty),3
imoimo (  ),3
socola (你好嗎?),3
oppih (河馬非馬),3
Chunya (噢),3
n3248963 (Eloise),3
towe77 (安),3
peom3310 (樹蛙),3
airmacau (重返聖城),3
rd0617 (嚕),3
hasi0721 (八橋),3
abc11992814 (tm),3
Lendormin (L),3
quadra (廢佬),3
silver0610 (Silver),3
NostalgiaLo (小海),3
Weitzel (JJ),3
MrYoYo (Mr.Yo),3
honeymania (honeymania),3
misty1228 (MistyCat),3
Shelin (夜空),3
shoes40 (閨秀),3
sullivanchou (0.0),3
angelacw (最陌生的熟悉人),3
ASADHD (空),3
uncia27 (UNCIA27),3
caesar1203 (極上純黑),3
bluemist0000 (無言),3
thinkKing (想想),3
magicee (沉默),3
day112 (ken),3
yavonne (。),3
fruitsalad (苦情臉),3
koxinga (朱成功),3
abby13921 (Abbyyu),3
usntin (UU),3
kay761023 (凱伊),3
gn01398532 (GOA),3
missdo (missdo),3
easyweiwei (當個無感的人),3
ruth0127 (平淡如水),3
nihil (虛無),3
ccawen ( -),3
onlyone72 (Aga.),3
meow98629021 (meow),2
AhSs (阿絲),2
stday (stday),2
RUserious (Are You serious?),2
march0331 (MARCH),2
isorange (桔),2
yakumo2 (ac0079),2
phoebe630 (phoebe),2
mengann (獅子座女生),2
shadow0828 (Night-Eagle eyes),2
iris1218 (喵喵),2
seanzheng (夜小緋),2
Lovesion (Lovesion),2
smallt84 (小小並不小),2
chihan179 (倦怠),2
Fion7067 (小綺),2
Anna3242 (我誰都不是),2
qutepipi (小波仔),2
Nianyi (Nianyi(念ちゃん)),2
oseven (七小姐),2
tmxsf (最近很BLUE),2
loveapus (燕子飛吧),2
gm80123 (吃魚的貓),2
juliechen (),2
stockapp (平安就是福),2
golucky (世界的盡頭),2
izawahisoka (密亞),2
rainning13 (華麗的孤獨),2
yuka5669 (吹毛老爹),2
infinitig37 (Infiniti),2
moonlavender (Heart Broken♀┬﹏┬♂),2
itsumi (THE BIG BLUE),2
tcoc77 (餃子不會熟),2
monsieur7 (鹿人),2
sayawu (saya),2
yirr (yirr),2
starrysky09 (starstruck11),2
lizking (殺光韃子),2
snowcola (雪可樂),2
shadow0828 (Rising in the sun),2
yuri99 (YOLI),2
Angela0909 (傳說中的路人甲),2
er0720 (不要叫別人容忍你的小孩),2
starsJ (被躲了....),2
angelacw (如果能咬一口星星),2
naturelovely (:)),2
Lauren0712 (過去、現在、未來),2
grassfuture (friends together!!!),2
yeahqoo (林盛月),2
monsieur7 (OCTO),2
Regrettable (好後悔),2
apato (Cheshire Cat),2
beth1314 (TOP),2
tcssh0902 (小宋哥),2
hun410705 (蓮花(M2M)),2
prozac (proazc),2
Larc8134 (徐弱喧),2
henchiu (jacko),2
perSD (大可),2
glenrice (爆日踢韓勦共匪 ),2
bearfifth (NAOKI),2
emperorblue (柒柒柒柒柒柒柒),2
caprigemi (小樹),2
keita5241 (我要追上你),2
mio810121 (mio),2
pttazzz (焱),2
badken (阿彥),2
hitachi93 (哈啾),2
blue628 (永無止盡的絕望),2
YeahWen (Wen),2
joyelove (由紀子),2
leespp9 (幸福鼠),2
folix (曼羅),2
Padu (),2
judiank80084 (波波),2
dancinggirl (齊),2
NewArrival (扭阿啦福),2
jump728 (跳跳跳),2
zozozo (吠),2
mekida (魯sir),2
catmonamour (新手閒妻),2
Pachelbels (貝兒),2
bloodio (King Crimson),2
eva2246 (只想找到屬於我的米奇),2
happyliz (試過才知道),2
deluneclair (clair de lune),2
shenlou (shenlo),2
k18898 (渣渣),2
s9131313 (14),2
rilakkuma23 (冷冷),2
maas (AS),2
hapnis (*0*),2
blackslayer (陳諾諾),2
rxf25925 (阿徹),2
r8036954 (show_su),2
tyjcgmnl (thank you),2
zxc81215 (古尊),2
okada423 (XDD),2
adely (元氣柳橙),2
zaper717 (破星遂月),2
a2372542 (wei),2
Changenyi (()),2
ichigo14sai (熊寶寶),2
chiairis (貓膩),2
pkhlhoa (黑姑娘),2
uuide (shan),2
mope (鬱),2
blueway4965 (螺絲和起子),2
smsoul (只想知道結束),2
cheeno (。區。諾。),2
meta (小惡魔),2
dkfa (kazia),2
Tigermiao (我要加速逃離這世界。),2
lillgirlz (淡水邱淑貞),2
vivagozo (wei),2
siouxie (拎壺沖),2
lovedog0731 (阿優),2
NCTUMS03131 (孤高的浮雲),2
cerbecoyote (我們甚至不必成為朋友),2
zack85092100 (Dante),2
Auld1228 (而立之後即為不惑 ),2
koxinga (我是安娜),2
likerockman (likeguitar),2
carlchang (carlchang),2
soulfreeness (自在宇航),2
Chengheong (Hohlolang),2
lovebreaking (蘇小涵),2
Ycbravero (末尾),2
virgin5566 (純真5566),2
shadow0828 (小竹★Blackthorn),2
monstermimic (怪獸咪咪),2
haibbbbb (Polly),2
Momogoter (小魔∫萬事唯心),2
ianfang (I'm ianfang),2
jejuan (jejuan),2
JOHNJJ (囧丁丁),2
knightyuan (保持緘默不皺眉頭),2
sikman1207 (s剎那清音),2
vivibarbie12 (新開始),2
syofgg (秀英),2
writer1116 (經理長),2
rougeAlicia (紅色艾莉西亞),2
jenny1365 (灰灰),2
kkkaaa (kkkaaa),2
marywen (其實可以瞭解),2
lunna (阿巧),2
bunnymen ( ),2
acool6747 (你認錯人了),2
Beatrice83 (蓋特兒),2
dudlysky (dudlysky),2
cracknote (晴晴晴:D),2
twbeer173 (啤酒貓),2
currycoffee (●ˋ‧(ェ)‧ˊ●),2
showery (雨天),2
Virqin (),2
reblue (太陽快出來吧),2
vannessken (大明不可奪志也),2
takizawa5566 (本島皇民　滝沢),2
babe18 (love蛇姬林采緹),2
Vulpes (小壺),2
stocktonty (前田憂佳),2
SEEDX18999 (JSF35),2
zy70345 (祺),2
babe18 (我是安心亞的鐵粉),2
haruka15 (Haru*),2
kingman5566 (神的男人5566),2
CCRTlab (ampicillin),2
corolla (麻痺掉...),2
fannnn (你看不見我),2
escargot714 (法式烤蝸牛),2
Kucoastline (Umi),2
Alphaplus (do me a favor),2
diana9516619 (ＤｏｎｇＸ２),2
HANASUCIA (HANASUCIA),2
ekoj (夭竹),2
kgbtdaguo (daguo),2
morineko (morimori),2
mourant (mourant),2
lulu66 (阿六),2
Qsynth (Qsynth),2
evening (小夜),2
ariser6656 (賢),2
lyral414 (里哈),2
Heididi (由加利狗),2
TibberAnnie (tibber),2
lyricrain (雨),2
zoobe (みかんちゃん),2
magicee (任性、倔強),2
awaretw (Arous),2
def995 (a-shin),2
georgecho (George),2
tmxsf (需要幸運之神來眷顧),2
purin0819 (拍拍。ππ),2
Esperanza07 (書僮),2
a7811042003 (酸酸),2
camus2105 (camus),2
ichiuno (ichiuno),2
betapla (謎),2
enid19428 (vida),2
tcc0816 (tcc),2
gow3 (gow3),2
Milktea199 (奶茶),2
yth5566 (人生不如意十之八九),2
lovedora723 (faye),2
deoxyribonuc (DNA),2
nakamie (nakamie),2
pkuo5813 (佩),2
cj6534 (小潔),2
Asclepius (天...無言),2
yuuki040712 (Yuki),2
linkinppt (暱稱),2
udb (啦啦啦~),2
antylove (蜜桃),2
fyyg (囧~人妻),2
finland0715 (finland0715),2
dapow5566 (5566),2
evelynwu987 (Yuna),2
kevinpon (凱文碰),2
hough (定 性),2
coinman (公子獻頭),2
nitach (),2
dra216 (嗯),2
withouttea (Bibimato),2
smallsgrace (smallgrace),2
p1026 (angel_71),2
varney (西那蒙),2
zzzxxxx (xz),2
Ayudemer (人ㄧ月刂),2
proph (呵呵),2
knai (今も 理解できない),2
agb309139 (),2
lovelyncc (lovelyncc),2
newli12 (出地),2
LunaSheep (想成為歐蒂娜的露娜),2
rootbeer (jimmy choo),2
applesauce (applesauce),2
tm8gi5p3 (smoke monkey),2
ILJing (書只零),2
mmmmm75 (小M),2
anonymousJY (+yee火ㄐ肉飯),2
suncandy (suncandy),2
ryu827 (/人● ω ●人\~簽吧),2
hwuengwei (瑋),2
mikisha (Mishachan),2
shutgunman (下港man),2
severuslian (史內噗噗噗),2
pingjames (Britney Spears.),2
crno (crno),2
dakodi (好傻好天真),2
coney (coney),2
Metonymia (Metonymia),2
Badbood (憂默さん的灰色天空),2
s04102003 (Zoe),2
galaxy4552 (無聞),2
rilakkuma23 (冷懶懶),2
doyuki (ㄉㄉ),2
MRsoso (朔朔),2
Modipret (Modi_迷咪),2
er0720 (爆走媽),2
ray86 (02),2
yotsuba (不要怕。),2
eocforever (情緒爆炸),2
koxinga (朱魔力),2
ILinK (琳),2
wanchi1102 (Wanchi),2
szuming0603 (??),2
la42r99 (樂),2
Jaies (傑斯),2
vava730829 (SoneBamboo),2
samrno (samnro),2
ayassai (ayachan),2
hsuyihsiang (htt),2
Formosan (天黑),2
fully7115 (fully),2
latte0916 (MasterJNS),2
ashkaze (ashkaze),2
Reisende (Reisende),2
iceice (派波),2
feeling10143 (蛋黃貓),2
wellwel (嘻嘻哈哈嘿嘿唷唷),2
BabybearQ (熊熊),2
anylinda123 (whiteegg),2
alegria (艾麗),2
ch1260358 (MIKOTO),2
s9221320 (賭爛ど公主),2
sakudo (),2
winne (人),2
claire522 (天使藍),2
RoberBud (假安徒生),2
book3000 (絕不認輸),2
Raissal (綠島小夜曲),2
pipione (O),2
cseoryaru (這是什麼教訓?),2
paschen (paschen),2
zeze (三月うさぎ),2
lahaha1992 (NosE),2
pukkapukey (Greyson),2
ROCKMAN3 (水果賓治武士),2
onfishly (小蕩whynot),2
uglydog5566 (醜狗56),2
clk950 (炸彈先生),2
mia49 (我們的語言是威士忌),2
mimikapple (  命運好幽默),2
sweetlaven (甜薰衣草),2
skyorigin (Tractatus),2
uksl (hey),2
imoimo ( ),2
lovejoypeace (西西),2
zafirah1016 (zafirah  chen),2
clover22 (Doris),2
katie0706 (挪威的森林),2
doshiyo (如何是好),2
liiko (●.●),2
shine0520 (AKI),2
KRAS (KRAS),2
pinkda (蛋姐姐),2
kina118kibou (希奈♥きな♡),2
sweetisly (超彩色生命),2
sony168 (sony168號：),2
nicka ((￣y▽￣)╭),2
duxllux123 (保密到家),2
jimmysunman (),2
nokia3315 (ときめく気分),2
namiya229 (請給我一對翅膀),2
rem20020426 ( 友情阿...唉),2
BraveFly (YUKI~勇敢去飛),2
deanxit (無止境),2
RUNFLY (邱邱),2
tattoo099 (多爾滾),2
asdfvcz00 (香蕉豆豆),2
weitin18 (微微),2
wasse0402 (Summer Cicada),2
showzoo (showzoo),2
aikidiffer (lucky),2
PalePhoenix (蒼白鳳凰),2
beckernice (木須龍),2
FLy60169 (不夠純、不夠純),2
ixtmhecf (阿圓),2
mimhom (hom),2
xxxd851130 (小熊哥),2
bigjiting (掰),2
rurutoday (豆花兒),2
lcv0122 (Brick),2
Depersonaliz (無用重物),2
catmonamour (水藍色的憂鬱),2
peggyqwer (peggy),2
monbaby (mon cheri.),2
FarkU (Bipolar Disorder),2
MegaCock (sssss),2
lala1999 (LaLa),2
oedipus (Oedipus),2
cats0624 (我愛咖裡貓),2
xup6m4fu6 (圻願),2
loverr (噗嚕嚕),2
ex582010 (Fireworks in water),2
genomics (基隆米科斯),2
lcfko (擦子),2
chooooo12332 (啾啾啾啾啾),2
slenderwaist (抽獎又沒中了),2
yamini (Mini),2
Justmir (我超帥的阿),2
magicee (Real),2
silver0610 (24K純金打造豪華太空梭),2
emmatong (Ｍｉｃｒｏｐｈｏｎｅ),2
YuppieDevil (惡魔),2
airmacau (最愛沛瑄),2
yaya (喔耶比),2
onlyowl (哇哈哈),2
Gygun5566 (Jax),2
shinaki852 (漂流的魚),2
bleak777 (花朵),2
stranger2626 (劃一個圈),2
kyokoc (好天氣),2
ilove524 (我愛524),2
fantasias (:)),2
zzapple (apple),2
lickmebaby (尋覓著可以棲身的地方),2
SalivaLpaca (5+7),2
raspberry112 (橘貓毛毛球),1
bosskiss00 (春藥料理王),1
pjcafe (曼特寧),1
magicee (點．點．耀過),1
stopthemob (  ),1
jacklin2002 (),1
puck100 (peggy),1
imsorry (土城哈登),1
deum (deum),1
vivirinka (阿鴨腳),1
HiLondon (倫敦你好),1
qazbig3 (用睡眠來麻醉),1
iamtopccie (我愛摩門教),1
l1l1l1l1 (條碼),1
oboesoul (Nogiya),1
zhuing319 (蔔妞),1
catcc4406ma (neargo),1
taskinst (等待一個沒有答案的答案),1
ptt0219 (腳勤就是健人~~),1
amby (amby),1
shiny30233 (珊),1
RixxiR (Rixx),1
LMessi (梅西),1
lastrada (lastrada),1
jovialguy (足男),1
howeroo (hower),1
ungm (黑鴉鴉小蟑螂),1
yuki921 (我原來還留在原地),1
STICKER (太胖了對不起我媽媽),1
roger102 (咖啡因),1
ninichuchun (啾),1
dfish (dfish),1
sterirts (人若犯我 十倍奉還),1
jg76 (老狗變不出新把戲),1
weimipia ( 小松鼠),1
maoluffy (毛毛毛毛毛mmmmm),1
Sombraviento (prozac),1
bmw1228 (1228bmw),1
superious (速克達),1
HOLSTEIN (Milker),1
gigirara (gigirara),1
Hankuda (Hankuda),1
s89227 (Kei),1
iceyou ( ),1
lovestalker (我很宅。),1
snazzy (snazzy),1
Vilastina (yaya),1
gearwar626 (齒輪戰爭),1
hotboy2010 (祥祥),1
tiptoe (tiptoe),1
Neyao (哎呀),1
mmaisgood (失落者),1
sunnymars (航海者的燦爛憂傷),1
persevering (附中病班班),1
vicky1314 (vivi醬),1
iclwh (我很抱歉),1
tearsforfear (descend in pain),1
seed1992 (kNight),1
AirucaT (貍),1
rainy89757 (rannie92),1
ccscyy (將將將將),1
Chantaljones (香堤),1
EuridiN (好棒),1
wifeishonoka (說~你~好~ yee),1
cannon555 (跨殺洨),1
becca810327 (Becca),1
maniac820 (maniac),1
feynmanx (Au Feynman),1
RainSt (RainStop),1
fa020423 (relise),1
weioini1118 (Alys),1
judymerry ((銀飾狂熱中~~)),1
Katefan (lucky & happy),1
vesnasnowy14 (妮妮兒),1
SadRoon (),1
take86157 (),1
nekomi (貓咪米),1
yungting1989 (Tyt),1
icequeena (min mouse),1
since1020 (slient),1
macassans (Rel4x),1
fish142789 (Rose),1
ChristineLiu (),1
Elixane (伊蓮),1
sexylife (性感生活),1
jorry111111 (andy),1
Ducky1002 (鴨鴨),1
longandog (霧裡探狗喔!),1
milkcat1015 (moa),1
exohsu (阿許),1
freshan (),1
mibeeq (-_-),1
donggi (嘿嘿),1
BRCA (BRCA),1
js0071724 (爆發型JK士兵),1
"chlavi (Deeds,not word.)",1
cs9810931 (Mush),1
two1117 (養貓人家),1
mydr (長大≠成長),1
slenderwaist (死魚眼超棒的),1
SamMark (里維士官長),1
Justaziro (Ziro),1
hatsuki (( ′-`)y-～),1
Catslike (貓),1
dkns (),1
linkunyin (忘齡),1
GGMail (脫離),1
fiscal (Gill),1
findone (),1
piglauhk (肥胖宅 (￣﹁￣)),1
cct32 (我要妳好好的),1
newwaveflow (echo in the light),1
MISOKI (MISOKI),1
VALSHE520 (喬),1
lovegirl (girl),1
carolshih (don't ask me),1
sonic106 (三隻小鳥),1
justforptt (justforptt),1
CanonG9 (    チームB推し),1
astonwu1015 (shark),1
walkingproud (walking proud),1
xqueerx (偽異女),1
miyabicheng (miyabicheng030),1
stellachu (如果我說),1
COON (浣熊),1
kiteflying (毒玫瑰),1
monkywei (i'm couple of wei),1
Joinli (Joinli),1
georgiad (狸貓),1
kikilala09 (劉小花),1
lail (逃避不是辦法阿),1
izawahisoka (小密),1
byegrapes (白葡萄姊接。),1
lucidream (Lucid Dream),1
Iguodala (Highflyerai9),1
kaykevin (漢尼拔˙張),1
jus82120jk (palacora),1
milyay (baba),1
blue66630 (日光(買不停阿~~)),1
qutepipi (小白豬),1
itsuwari (虛偽的假面),1
genegeek (genegeek),1
jialuo (心有牛肉麵),1
hedi (hedi lin),1
mewx (MEWX),1
magicee (反擊的方法),1
guhong (小瘦子),1
Dataman (Dataman),1
yesorno1111 (女人),1
ak220788 (阿治),1
cal06 (cal),1
joanne220 (joanne123),1
Radcars (無言以對),1
zsquarez (不能),1
gloria811028 (iki),1
dearmei (親愛的妹妹),1
ninjazee (還要跟你說喔),1
j5350241 (wabbit),1
anada777 (tyy),1
alwain (嘎),1
HellKitty (地獄貓),1
Ek44 (ek44),1
soeur2 (松柏雲),1
bwzhan (bwzhan),1
l0720h (阿呆妹妹),1
machiko1039 (羊),1
TKforever (典哥),1
aloo (清醒新人生),1
junepuff (胖蟬蟬),1
nuga (fight),1
tbrs (小小光芒迷),1
jason628 (Just A Gamer),1
postcayman (只是個笨蛋),1
fs30128 (R'World),1
fish251212 (蝕貳玥),1
rinako (流浪地圖),1
tsuibo0103 (早安你好),1
fanny7962 (吻仔魚),1
sugar327 (消失),1
pgmoe (pugu),1
rex13 (陽光氣質男),1
missShark (反關說),1
pzlxxxxx (淺淺水),1
tmac012004 (寂滅寂滅就好),1
IorixLeona (Never again!),1
summer78314 (summer),1
Cityjoyce (薰依),1
paiivy (白白),1
wahahas (Born This Way),1
jessica1127 (jessica),1
sandy2992 (sandy2992),1
gtjhtg (飛碟石頭),1
settleba (撥雲見日),1
onasunday (onasunday),1
kibow (ˊˇˋ),1
imshiaoching (S),1
b9707114 (阿通),1
david7796 (我要贏啦),1
icd296 ( Jade ),1
a999919a1105 (megmina),1
ashinsponge (再吃一顆蘋果),1
blackycarol (黑色純粹),1
kv0319 (chiang),1
elysettt (不要靠近我),1
annie840817 (姜),1
dois (做最棒的自己),1
bihung (大大),1
cate465 (鳥妹),1
qyoshi (yoshi),1
pinkwine (希望你懂我),1
im31519 (風水似月),1
jettaping (啦啦啦),1
kyo3tree (evan),1
x51170 (無),1
MarsKC (平安),1
newpinkada (ca va),1
sourcat (微酸檸檬),1
JaneLiu (秋天),1
asthedew (背對陽光的向日葵),1
dizanwan (地地),1
xofman (liar),1
piecemind (piecemind),1
swark (艾許思現在沒有朋友在高y),1
sabotage (涼風颯颯),1
yukiyeh (理直氣和不行嗎?),1
amanda97 (amanda),1
hope1 (希望一號),1
janson3106 (你：不要想太多),1
agares (你有想實現的夢想嗎?),1
narrenschiff (乘客C),1
DAEVA (),1
ctra (陳落),1
DMPBBOY (bboy or die),1
junesolstice (你在哪裡),1
aaa0963 (980),1
arielkuma (我親愛的偏執狂),1
sp010437 (旅行是生活的出口),1
ian5j6 (Persistent Effort),1
DPandK (咑潑噗淚  \⊙▽⊙/),1
shadow0828 (policy of Ginshou),1
ellyplus (艾莉+),1
yutsi (tsi),1
Ajvar (croatss),1
kk620534 (服部熊童子),1
aaaasexygirl (好不逞強),1
ads025 (Lisa),1
elephant5250 (@@),1
hhppp (dd),1
Cing85 (晴天),1
joanneYY (衝動 但堅決),1
thdyd (new oneone),1
vivian4754 (vivian),1
onesadman (一線生機),1
yig1024 (Doublelift),1
asd222240 (kair),1
feieyes (眼睛會在天上飛),1
feng920 (泡麵),1
otome (妞妞 :)),1
corona (放不開因為捨不得),1
TheSandman (睡魔山德曼),1
shaina (喔，這樣啊),1
d995511 (flcl),1
ivyvm (ivy),1
bigcatchiu (月見草與貓),1
dafeiiiii (腹語術),1
Athena5566 (雅典那56),1
goat1225 (kurogoat),1
hidol (孤磬定行雲),1
somewhere13 (),1
coco5566 (56專用),1
optimism118 (想念),1
yyyu999 (雨宮朔),1
amyswet (Rachel),1
turbo66 (turbo),1
aitmac (踢喔喔 喔喔),1
sue0708 (susu),1
afcs307 (疾風),1
DYT603 ( DD),1
macmac0123 (小米),1
AtRar (AllisAll),1
honbase (小熊餅乾),1
emma555 (卿),1
lovedobaby (米米),1
Eatsleep56 (港大理學生(讀書做研究)),1
sai1268 (....),1
vivilulu25 (ptt是個超大坑),1
icandd (阿拉蕾變相的變成了不在s),1
suifong (小火柴),1
bvs351 (bvs351),1
pink2029 (QQ),1
aroma123 (123),1
clearlight (...),1
friendlyccc (夢想家),1
peiyinlai (不要戒菸好嗎),1
astonwu (夏可),1
kennybai (kenny),1
ketty3455 (阿昕),1
inesptt (思い出),1
jrspain (阿芭芭),1
Travel312 (崔弗),1
sos3637665 (Aly),1
love770210 (貝),1
s22950580 (Reta),1
c8c8087 (這人生很黑白),1
LING09 (who you),1
iamsayyes (信念創造實相),1
raywings (牽自己的手散步),1
lavida123 (一期一會),1
dglin (皮),1
smax155 (yf),1
aiya0824 (也無風雨也無晴),1
vivi51224 (Yukari),1
otsukaaki (K),1
Taxonomy (ymonoxaT),1
jasjas841119 (說好的可樂),1
xqueerx (xqueerx),1
KuoJia (奉孝),1
augnusz (augnusz),1
kklibra (灰飛煙滅),1
dcqzhao (開心每一天),1
dislilith (lilith),1
sisyphean (薛西佛斯),1
friendlyna (空),1
bears1691 (ARCH),1
calvin770927 (貝克短),1
sempre (如果說曾經),1
dnsb (四面),1
qwertgfdsa (羅傑),1
gaga666 (加加),1
TAKUTO1224 (獨傲寂了),1
yaomama (我要認真),1
kidjoe (阿涵),1
chocosan (chocosan),1
maiayuami1 (吹),1
jeffboss (中壢好朋友),1
funol (lezn),1
chiminglin (relex),1
yi51665 (瑞仔),1
leonachen (leona),1
asthedew (婭),1
gingery (樂極生悲),1
faery (Nemo),1
Dementia925 (青),1
demich (阿恪),1
ANdwHos (中分腋毛男),1
magicee (人間 失格),1
heartsilent (心靜自然涼),1
gambia (happy),1
cutelayin (INNOCENCE),1
landy6320 (landy),1
bobeey0331 (bobeey),1
irispony (小馬),1
sweetysauce (小老虎好皮),1
MiJChou (周米),1
JTtart (JTtart),1
toxicangle (迷路),1
hzki (詩詩有三種),1
oiceibpp (讓我跟妳一起努力吧得好),1
tolru (午後的曳航),1
t172 (阿哲),1
paggy994 (栩依),1
kycBlueS (BlueS),1
amelie10110 (Amelie),1
qmegg (就是這樣),1
yoyolillian (Leia),1
beahealer (qq),1
poohh9630 (小瑄),1
hahaxi (haha),1
wanderings (wanderlust),1
yyalex (Royal、Holy),1
patmuffin (還是要有傢俱),1
somuran (主說:你們要安靜),1
billyvai (貝斯玩家者請撰相關經歷),1
lumber (廢柴),1
afu2012 (kissbear),1
beahealer (洨隻馬),1
D86 (花海),1
kensu (??),1
Kncp (ling),1
NuNuCat (妞妞),1
minre (尋低沈好聽的男聲...),1
comaday (你的真實中有我嗎？),1
An1979 (),1
ricehsieh (生米煮成熟飯),1
shadowform (影散),1
andersonhaha (好山好水 多健康),1
sparkle (心口如一),1
tiffany1379 (紫綺),1
migyo (張簡),1
mandm (桌遊 想買),1
montall34 (自信ないよ),1
ID1 (不知道),1
sweet760602 (餅餅),1
temshai (日),1
falll2000 (快被單字淹死了...),1
ivan202128 (Ivan),1
greencatz (墨斗肥仔),1
我想在這裡出沒的人都是不想放棄的人                      10/24 02:15,1
mimidoll (MIMIBUG),1
amduscias (　ﾟдﾟ)ノ☆( #)д`),1
Alfortville (de Tassigny),1
Amelia0714 (喵喵),1
much5566 (廢文神童),1
sheep5128 (羊),1
claretcider (夏天到了),1
windin (天寒心寒),1
G32U6FU6 (C),1
nfsu (nfsu),1
treelins (happy guy),1
jqut77 (貝貝),1
sara80811 (sara),1
luciferpku (在地獄的歸途中｛小愛｝),1
edwin1231 (burn),1
seeklove (小不點),1
spongekao (鼻孔少女),1
dglin (滴居林),1
nowant14 (Cheers!!!!!),1
orangepisces (恆  跟你一起祈禱),1
Gevanni (小市民),1
glitter41 (41),1
sarrowtears (愛吃貓的魚),1
somuran (離群索居 失敗 失去),1
HellKitty (地獄貓小芬),1
Harusame (麻婆春雨一丁上がり),1
sanshia (安琪),1
pearlss (),1
xk4 (然此非理故無實),1
gene74 (流浪的寧靜),1
ke11y2947 (藍藍),1
Sorence (該認真了),1
Catch22 (賽姬),1
takumixnobu (Mediterranean Homesick),1
otter (protect),1
prettycuteqq (長髮莉亞),1
aldrwto (籠中鳥),1
pytzog (越活越回去),1
joulin (joulin),1
lawlawlivia (L),1
dolly7849 (happy ending),1
silver0610 (小銀),1
cccyyy104 (Don't get in my way),1
decadentCat (有時候我只是在等死而已),1
kikilee914 (kiki),1
doctorwalker (實踐),1
doremimi (啦啦),1
eirine (leng),1
anna615566 (我媽叫我去睡覺),1
bannie0823 (Bannie    ),1
menu547 (馬妞),1
a88264g (Bluewind),1
beth1314 (獨自飄零),1
vergehen (Bestehen),1
cspk (cspk),1
siuosiuo (concept),1
sam1115 (EXILE),1
orujue (阿克),1
yhwilliam (笑澄食色生活),1
tomaymay (兔妹),1
neo0516 (聽不見的聲音),1
eer1127 (Shan),1
yoang00519 (木頭),1
lovemendy (耶～！),1
appem2003 (龜梨太太),1
bluenicole (海的那邊或是銀河另一端),1
vams (完美的一天),1
ks22523 (Vince),1
hollyshaw (holly),1
Callistv (Callisty),1
thinboyslim (thinboyslim),1
nanxian (好鹹好鹹),1
ChingLu (青鹿),1
ccabc (南無觀世音菩薩),1
wusp88 (patty),1
faszoki (zoki),1
vivelafete (vivelafete),1
pleasure8057 (Light),1
carolyen (寧靜海),1
ilivannia (Pherosalina),1
GYLin (GYLin),1
uniquecaya (來人哪),1
maisy (10/12~10/16-與你同國度),1
"angela2 (angela,too)",1
Yasumi (ㄚ靖),1
yiyilin7 (mm),1
iloveeve (切),1
alcawei (wei),1
imbtw (Born this way),1
song4231 (Inequality_c),1
tppr2316 (追尋),1
cy6204123 (Noel),1
doagg (agg),1
beth1314 (漫天飛雪),1
lulu0401 (LuLu),1
AoiSha (假文青),1
groon (好啊),1
justchu53 (豬豬),1
tyuhsin (秋天是幸福),1
lpig301201 (皇帝),1
cakebaby (蛋糕妹),1
considerandc (C & C),1
renren (question),1
chtfrog (卡恩),1
weihongchen (中川圭一),1
gin1982 (gin),1
bitte (bitte),1
bamy2424 (妤柔),1
pon1014 (跑吧太陽),1
Rainy1205 (性感巧虎),1
ui5550 (如果是牙買加),1
dinokey (猴子恐龍),1
funny1990 (小婷),1
PALAVICO (趴趴~),1
su4ua6 (wtf),1
teamo123 (小游),1
whli (重新開始),1
bacon7599 (),1
ftyjukgk (b_smith),1
superb7 (加油),1
dious ( ),1
brickhead (brickhead),1
shiar6918 (貓貓木木),1
momoispiq (momo不是豬),1
ICEFIRE2 (沒有瓜葛),1
smonke (幽靈特務~... ),1
littlewh (littlewh),1
rhcp1352 (RHCP1352),1
yiver (peeeeeeace),1
iloveilliya (國不要壓垮了家。),1
gina29 (橘啾),1
Mirayon (飛魚),1
kitkatuu (木香),1
DividBud (歧芽),1
happy61432 (小夏),1
liuliuliu (liu),1
hung0520 (hand in hand),1
diamondlove (誰它媽沒愛過幾個人渣!),1
serena061511 (Serena),1
steven20wang (乘著風飛翔的SAX),1
yian10201020 (鴉川君),1
jane82096 (真),1
windcloud27 (阿甫比幣),1
u1153353 (阿哲),1
sungu (桑咕*),1
windowcat (被綁架的貓),1
olaf60901 (DMoony),1
janet306 (綿羊二號),1
edison198201 (edis),1
warrenchen (來，玩棋吧! :]),1
chamomile050 (),1
dudlysky (尖頭拉瑞),1
dec1225 (dec1225),1
lilybabe (lily),1
kmkr122719 (出來跑的總是要還),1
Ackley (Dustin),1
njps (快樂少女),1
emily516212 (月亮上的牛),1
leona27 (AG BDH),1
MichelleMLee (MichelleMLee),1
musiccalo (可羅),1
rabbit0321 (fish),1
hb1230 (大白熊),1
TOKNOW0405 (米白),1
Amour21 (小愛21),1
yhji (阿 才),1
boss4853boss (戀習曲),1
a000209898 (XXXXXXXXX是晚上1730~220),1
bradove (期待下次櫻花盛開的日子),1
colza (Passion & Link),1
seanx (龍昭),1
jermoo (小吉),1
hfs (快樂!移民日本!夢想成真!),1
s50156 (安偷),1
daniel187 (享受生活樂在工作),1
b9862221 (s),1
elfminqu (mbl),1
wewe0621 (foreversj),1
maybeyouknow (Munny),1
joycejames (我想要的感覺),1
miki999love (有一點點的小M),1
jenny790128 (小雪),1
nowitzkino1 (nowitzki),1
ParaTuAmor (我只在乎你),1
iamqqq (qqq),1
darkpuppet (puppet),1
workaphile (la folie),1
candice608 (candice),1
anthology (anthology),1
Gaching (台灣出木杉),1
q9898q (),1
skizzy (我一死舉國歡騰),1
ck970163 (TGIF),1
overfuture (可愛的邪惡邪惡的可愛),1
seay (sean),1
green531 (挖搭搭比喵喵),1
gigi04066 (深情牡羊),1
cllb (Mary),1
xdfunnyboy (XD大叔),1
beruzebubu (大頭鈴),1
wei7515 (嚇!),1
brian0857 (大熊),1
onesadman (改變ing),1
lilars (丁香),1
JPN5566 (殷堂主),1
Saisandy (Sandy),1
ohohohkeke (那又怎麼樣呢),1
aaagun (A槍),1
miimii24 (mimi),1
ajjj840569 (你爸),1
a27695961 (阿巴狼),1
walamodo (展翅高飛),1
agogo1107 (無),1
wellyui (橘子豆漿),1
bluevivi (藍色天空),1
okletsgo (沉默是因為包容),1
phanor (phanor),1
chouyihen (絨毛趴趴),1
erinyen622 (EN),1
t0kyohot (偽。東京熱),1
mayday5447 (Fighting),1
alice09 (小小講師),1
soulman2010 (soulman),1
lovedls (偽天龍人),1
eeee3333eeee (evans ),1
prozac (prozac),1
onlyis (你說呢),1
kaikai83 (帥到不行的帥哥(b)),1
jllin9212 (jllin9212),1
DonChingWu (幹樵吳),1
twowugs (Il y a deux wugs.),1
peter70433 (Remit。Narcolepsy),1
shi359 (歸人還是過客),1
money0917 (打不開的貝殼),1
www30902 (皮皮),1
kasey60730 (班班),1
dydy39802037 (dydy39802037),1
globesigma (天下風雲出我輩),1
zs71928 (中肯之王),1
dogchang04 (MeloC),1
wensly123 (Aarne),1
yukimomo (冷飯妹),1
flash1206 (臉紅紅),1
duck00 (大可),1
yesssss (yesssss),1
HeyOy (真的假的!?),1
lokm (大魚),1
mingnice (一步步走向孤單的明天),1
M131254125 (fy95329),1
catalystkuo (天地有正氣),1
kentarosu (糯米),1
darkswordbow (trojan),1
yc71805 (smallpig),1
innocency (鸚),1
Biatch (Biatch),1
minre (愛唱歌的熟女~_~),1
fetish9 (linda),1
drpapa (心誠則靈之瘋院客),1
aub (我討厭麻煩的事物),1
kinkl (小噗),1
aineo (A-mo),1
Weitzel (臭臉J),1
maoluffy (),1
ly24 (貓的腳步聲),1
ilike524 (524腦粉),1
ghjr (julia),1
qpwo6352 (),1
jack04028 (艾斯),1
POdjfh (陳年好酒),1
imagewind (秋水連天),1
beanku (冰庫),1
Oldfather75 (老爹),1
longdog (),1
topologytw (僵餅人麼麼噠),1
ac001296 (海洋),1
you2012 (無法說的想念),1
slipknot0753 (哈!                ),1
summersnow18 (林小茶),1
babybanks (天賦潛能基因),1
Myyan (人生如夢),1
koxinga (肛棍洩濕婦),1
smart1988 (蒼海一村民),1
hateEmotion (心情不太好),1
wigping (暱稱如假鈔),1
BarryKuo (Barry),1
Siddhartha (怦然心動),1
"manyou (恨,又能怎樣)",1
twilight7 (),1
GabeHypnos (可以不要那麼有長輩緣嗎),1
skizzy (台灣只能活著等死),1
jessica12015 (懦潔),1
watersea (水夕),1
ananbig (ananbig),1
Aleister (雷爾(鳳凰翱翔)),1
stacey84115 (stacey84115),1
Saba4028 (SayonaLA),1
HenryPooh (維尼),1
Jarcat (Jarcat),1
ming77719 (小明),1
yccy (YC),1
ad0960 (停留),1
ashiva (淨  靜默誡。),1
sniperguns (篠永),1
kidsdoris (Muffin),1
scott3 (少林搭棚大師),1
fish321 (飛天魚),1
murderice (這冰塊有毒!!!),1
avenir (人生是一方通行),1
skittles95 (chimi),1
totoplatypus (I love unicorn),1
miao5566 (貓五六),1
cheerlol (小黑),1
ilikemusic20 (Miss Music),1
grant44 (紅鳥),1
catty123 (why),1
edwardw7 (允寒),1
skw15 (ASA),1
hsuang (ryo),1
love710741 (你在煩惱什麼),1
cutelaw (可愛law),1
LisaTea (茶),1
ewewew (黑社會老大),1
bathtsan (浴池),1
gogo (勾勾小饅頭),1
Ycbravero (勇者知永晝),1
Fayeuyy (feye),1
cutelan (保持原狀),1
writter (mister),1
surcn (surcn),1
rescuecro (cro),1
sunnypanda (櫻桃兔),1
dsfssf (mmaauu),1
sandrine ((≧<>≦)),1
g66599 (蟲癡),1
Bemyself1999 (粟子),1
xjapan74269 (米斯匿包),1
spikelu (海參),1
luckychoby (choby小豬),1
apower223 (I'm gonna miss you),1
rhodon (小魚兒),1
onsun (棉被～),1
e860205 (Stay foolish),1
as411312 (又大又好吃的麵包),1
gentlenight (東華第一帥-廖河馬),1
igoddness (愛空間),1
q910044 (拉鍊拖到皮),1
maiekaoru (MOMO),1
rs87736 (夜墟),1
hikktim01 (絕對乖),1
lsyc920 (dUUUUUUU),1
wstwang (再撐一下就可以辭職了),1
vul3h6 (貓奴),1
lovecalf (^___________^),1
kilun (ki),1
kenhiro5566 (kenhiro),1
koei1912 (只要相信就有希望),1
pony2006 (pony2006),1
tz7kow (7tz),1
eteblanc (summer'sTail),1
tiredofevery (bubu),1
m2589637783 (燦燦),1
frailty (貓佐),1
RayMinRay (Leon),1
SNSD1988 (Angus),1
cncpray (一起回港澳),1
devil7158787 (Dai),1
iaries (aries),1
yjbear (yjbear),1
skyqiu (貓咪想要家),1
padie (爬帶),1
aaddaaddjack (天氣冷),1
canohu (Cano.H),1
elmerhome (法國兔),1
larac (人生就是不停地玩樂),1
peom3310 (阿君),1
qoofis (我是ㄧ顆Carol球),1
ranunculus (救命啊~),1
nuvita (給我多一點勇氣),1
Playdiss (銀河★麒麟尾),1
Hysdream (深藍之影),1
Junemoly (六月茉莉),1
green531 (白粗綠綠兒~~~~~),1
lovefo (lovefo),1
jaga90210 (褘仔),1
zuso (  ),1
weihsian (凱特),1
screenwriter (容容),1
s512874690 (爪爪),1
tanya1008 (lidia),1
yuuirain (時不知魚),1
tij (XD大魔王),1
viudo (viudo),1
scpsmarkfran (我剛才),1
toro33725 (嚼嚼好口愛),1
trash1109 (垃圾車與水母嘍嘍們),1
gossiplook (YOGURT),1
waiter337 (soup),1
rose988 (豚骨拉麵),1
Taraxacum (  page),1
miroeso (不歸路),1
chenkoko (沙居食蝗鼠),1
maymaywooed (可可吸),1
koko212174 (Dora),1
key565789 (普雷爾),1
jack5611 (jack5611),1
poi98523 (諾),1
answernews (曉風殘月),1
dot40431 (點點),1
yuni0426 (圈圈),1
kakachan (KAKA),1
FR850 (AM),1
jack52073 (天天熱情！),1
giersbergen (Nothing on you),1
Yun0413 (小草),1
methylin (),1
ingenuity (共用帳號!勿丟水球),1
girlcat (過去現在未來...),1
nba36nba (nba36nba),1
Takewing (pay money to my pain),1
nsaidrx2568 (lin),1
n761103 (布朗尼),1
cjbjormp (米米米),1
BeStone (石),1
HomeRuns (衝本壘),1
onesadman (開心香吉士),1
frenchgirl (frenchgirl),1
silvia0421 (Silviax),1
maccus (喬巴),1
forplay (哈雷露亞嗆司！！！！！),1
yabipupu (小李),1
lonelykids (黑維尼>w<),1
okmijnuhb (none),1
vegyvonne (草莓餡),1
RIPsomeday (十月),1
Dimitre (迪米崔),1
kelosh22 (22),1
m0712 (妞照泡舞照跳),1
BRCA1 (BRCA1),1
linlin110 (大破大立),1
chensmallshi (error!),1
babuli (微笑肥把),1
sweetysauce (我愛小老虎),1
waiting03321 (水直),1
chuchulu (啾),1
antpo (願一切平安順利),1
mykarma (賣咖馬),1
elsiechou (Elsie),1
fmachine (machine),1
shadow0828 (文人相輕，武人相重),1
w96284cat (店長的傳人),1
moneybuy (),1
evanlee (哩賀!),1
debb0128 (Debbie * 呆比),1
memesweety (泡泡隨風逝),1
BetterFight (最佳一擊),1
bieai (啾啾啾啾啾啾啾),1
magicee (低調點好),1
friends16888 (嘿!!!!),1
gn01948540 (阿肥),1
paulownia (曜),1
tizzygwen (Buddha Jumping Wall),1
Bacteria412 (你細菌人系的?),1
vodkapaolyta (保力達V),1
ziji (我沒有單眼皮),1
yiharington (yiharington),1
hadeslin07 (hadeslin07),1
Rockykuo (若機),1
NTUcberkeley (UC Berkeley),1
tzuozz (隨便玩玩),1
Rustv99 (九十九),1
newaska (),1
princessvk (mi),1
GIMIKING (),1
vmp1017 (薰薰兒),1
begelonda (begelonda),1
machinesheep (機械羊),1
liar5566 (我只是她的寢具),1
pongui (),1
Sugaya (Sean Wang),1
collin810 (collin),1
y1896547 (巴斯),1
somuran (劉禪),1
jim30706 (Peccatoribus),1
geniusjimmy (認真活塞吹雪),1
sillywhoever (I love God),1
Erosy (Ground state),1
HyperHeart (hYPERhEART),1
SayJoke (Sydney),1
oiulkj (endless rain),1
catfish1415 (喵魚),1
amra206bask0 (am),1
flashrain (ENSON),1
cysulin (惡魔vs天使),1
GTOmm (GTO mm),1
fit1122 (黃),1
lovears (聽),1
skytea (  ),1
alich (阿力取),1
peacee (謝謝你),1
magicee (),1
greetingo (水利系),1
smilekey (貓兒),1
nalina (★Nalina乖),1
love710741 (誠徵室友),1
krisity (想舒服過日子),1
sheenakoala (熊),1
hyochon (事業運旺旺來),1
xuanyu0326 (yu),1
ShenYu1102 (MingYu),1
Addams (  ),1
AccEl5219 (艷涼曲),1
genehealth (台灣基康),1
JuJuMi (茱咪),1
TYRE (),1
wiseschizo (),1
sddy (羊的主人),1
WillowL (Willow),1
moodoa3583 (新竹金城武),1
popnbox (六十九),1
namirei (哎呀奈米光),1
ffrcping (No money~No happy),1
ubiker (ub),1
MATH820 (該結束了),1
cheetahivy (一個人去旅行),1
magicee (只是這樣而已),1
b10327 (AppleGreen),1
cartoonstyle (xyz),1
pelegia (Maipang Talachu),1
k671010 (Paula),1
papawco (papawco),1
lovemypony (嘟嘟),1
zenliving (zen living),1
mariaeyecat (晴天娃娃),1
nohitnorun (   ),1
grimmm51764 (四葉),1
onlyone72 (T夫人),1
miruku3422 (牛奶),1
xuxnes (迷路的羔羊),1
freshguy (懷念不如相見),1
JoyYo (小胖子YO),1
alcywei (微),1
beyondzero (即刻咻),1
kissmasa (木兆～木兆),1
muyasun (超人編號487),1
Delia195 (Delia),1
GrassyKss (Grassy),1
suikas (複數西瓜),1
oiulkj (Life is so hard),1
zhaochasel (喔呵呵呵呵),1
genehealth (genehealth),1
midorin (音速小魚),1
"Primavista (華麗,巴洛克)",1
BesserLeben (浮生若夢),1
goldenhill (我們是人權時代),1
a030083 (我愛高跟鞋),1
vivianpig (樂佳),1
shawn0908 (shawn),1
utf84067 (沙囂),1
imgay5566 (尊爵。不凡。❺❻),1
koala1234 (被扎到鐵釘真是tmd痛),1
minnie317 (米妮),1
superitman66 (奇喵),1
AngelinaJ (放輕鬆最重要),1
alwu (紅襪／小雞／犀牛),1
drmartens (masaharu),1
leiadot (蕾啊達特),1
illylover (寂寞之緋),1
amyli765 (圓圓),1
DanielYan (ProfessorX),1
maomeow (凱特),1
septmai (noir),1
kaikai83 (睡不著 .... ),1
jorry11111 (Edouward),1
macassans (火焰球),1
csc410643 (毛蟲小安二代),1
fichte (走出自己的未來),1
terryjohn (知福惜福),1
lirick42 (卡賓depon),1
dpray (dpray),1
milkan777 (InsaneG),1
tdogyaha (狗理不達),1
glazes (格萊斯),1
saki1222 (Saki),1
newwords (唐牛),1
mazda0724 (Huang),1
yyyypp (yyyypp),1
ada90405 (NANA),1
hooponopono (Elsa),1
hikari17 (優柔寡斷),1
tzuchun0214 (flymyway動物星球憲法),1
sony168 (希望濫用神通者不得好死),1
jennifer0115 (花),1
pepsi000 (josh),1
wyeoak (wyeoak),1
artjio (Achiever),1
like5556 (澎湖馬公孫協志),1
mhh1818 (mhh1818),1
uioty (uioty),1
a789417 (小皮球),1
LechiWaky (sleepinthegarden),1
klld (LULU),1
AdaiChao (depressed),1
kanail (kanail),1
JessieKa (嘎嘎嘎),1
richway (里奇威),1
FrWalk (AppleHead),1
paulandjoe (無可救藥條紋控),1
kiwibee (奇異蜜蜂),1
digthis (ツグミ),1
hseo (佛弟子 ),1
Jaishen (宅嬸),1
isis288 (Chole),1
volcom (Shining Kiss),1
mary00547 (笨貓),1
magicee (耀過),1
outline57 (筠),1
cosplay314 (朴大叔好可愛>//<),1
venus40123 (塔羅師綺忻),1
zcbn (看不見的時候),1
whizkid267 (HAPPY),1
iclwh (海邊的卡夫卡),1
blackchoko (..),1
snow13500 (小女孩要更強),1
sollittleC (小C狗狗),1
analytical (熊熊),1
wahapig (waha),1
bobocats (深紫),1
shikirin (緒),1
candylover (傻小孩愛魯拉拉),1
cancergemini (gemini),1
vivienhung (****),1
Elixane (秋茉),1
azcookie (愛智餅乾),1
Gaujing (高進),1
GabeHypnos (有長輩緣，沒異性緣),1
thejump7 (Leon),1
sheepin (賣花寶三號的小販),1
joansky3631 (sky3631),1
rinoya (潛水中),1
magicee (***),1
ww1215 (溜溜),1
oguesto (),1
rose215595 (rose),1
Ogabriel (蝴蝶禱詞),1
MYANGE1 (挖哈哈),1
killnasa (賽菲希斯),1
alfven (馮英丸),1
m3xu04 (juicy),1
leon99 (李奧),1
mosso (閃亮亮人生),1
mymaria (哈里路亞),1
newbears (台灣黑熊),1
yutin0607 (tin),1
ga886ga (追求真理),1
kusogo (P.S. I LOVE YOU),1
Capital235 (),1
swewin (萊茵河畔的寶石),1
Trpltt (衝衝衝),1
envita2003 (白小白),1
m7230755 (Sean Tsai),1
bluebawbaw (咩寶),1
pigergod (黃豬仔),1
fcuz120 (茂凱),1
fushaya (若有似無),1
guniepig (guniepig999),1
smallmy (阿麥),1
wataruker (記憶效應),1
robertlu5810 (jeff),1
lifemirror (浮世鏡),1
kaeling (腹黑童★黑心葵),1
spacey30 (煲仔),1
sbkchou (SBK),1
mollylmn (Molly),1
darkhit (K'),1
magicee (．．),1
srx080578 (薯泥瑪拉 Rooney Mara),1
hsuyihsiang (vlcc),1
minby (明白),1
michelle230 (孤柘),1
over750182 (飄飄),1
Jinne (Jinne),1
Tomoma (Niu),1
Wellbutrin (威博雋),1
LSFL (山寨偽尼熊),1
e223445 (天然(ˊ˙_˙ˋ)),1
rokanto (豆花),1
conidium (conidium),1
jerrykiki (孤單的等待),1
itachi0609 (紫苑),1
jhmiss (jh),1
ray1990715 (Ray),1
dudu0623 (貓精),1
Onglyz (重新開始),1
dimasds (Loser),1
a782212000 (聖瑋),1
rachel58976 (屁屁),1
chihchin0112 (姬宮安希),1
tsurimori (ginger),1
casper1984 (Rusty Hood),1
iimkk (be),1
aparrot (找兼職),1
asking (問),1
opm (江湖夢),1
bagane (baga),1
lwklwk (大內高手),1
whatice (哇咧哇咧哇咧~~~),1
cookic (cookic),1
m4z06 (m4z06),1
nivi6462 (刺鼠),1
hayashio (17),1
d80338 (珒),1
aandw (艾琳),1
pmove (金疾檸檬),1
foreverjaja (佳),1
u9934054 (Vivi),1
noruga (noruga),1
omahong (無所住),1
dolphin049 (海豚),1
haeven11 (Hsun),1
mimi04 (￣▽￣),1
xqoo (積極！！),1
jamielo (綠色的),1
ohmyptt (耶),1
amiko999 (               ),1
alicia1972 (艾利),1
gracile (身體要健康),1
kkkk123123 (Tolas 27382長多),1
lattevivian (偏偏),1
sadefryt (hero),1
cyhb990671 (肥宅摔下來),1
sister4949 (咕雞),1
yaiiiiee (jun),1
Meconium (Meconium),1
loser29 (loser),1
microcarpa (十一月的雨),1
sos00020 (aids),1
isawu (Isa),1
nintendo38 (),1
malimalihong (瑪莉瑪莉紅),1
lillgirlz (小女孩),1
cruxsouth (南十字),1
g90398 (我要去旅行!),1
likebike (愛單車),1
winit (^^),1
ceres24 (喜瑞兒洗牛奶浴),1
liuyier (葎葎),1
Eastdays (老頭),1
verocheirro (新雨初晴心宇初晴),1
lis4lizard (老西),1
feather17 (羽),1
jrbear (bear),1
alanineaton (Fuduki Sakana),1
chun1114 (chun),1
qrqpeibn (貓),1
toggi (()),1
ghost1125 (手肘脫臼),1
evermax (商學院=失業 精神不穩中),1
zzzz292 (☆☆☆☆),1
solitary6657 (sosos),1
Nimoy (跟我打聲招呼也好哇～^.^),1
yangwenhuang (菸酒生),1
knuo (諾),1
salaya (世界真奇妙),1
gabiihair (社長),1
woolff (woolf),1
DividBud (飛鼠˙甜河童),1
hoyamichelle (ㄆㄖㄐ),1
flyawaymc (),1
momowang (好奇貓),1
likes6438 (米可魯),1
term7918 (阿綸),1
tangent5566 (天真五六),1
jack12872 (炎煉凡爾斯),1
Eiland (長大﹐衰老﹐死掉),1
stex (stex),1
A0922249573 (現在我可以奉旨殺人了),1
Agnus (Agnus),1
bk1015 (先認真的就輸了),1
joyjack (就...傑克),1
sueshanyo (小育^__^),1
relaxwant (嚮往平靜),1
gingko (好想重來...),1
cokakitty (平淡),1
yuhuame (yuhuame),1
milk0307 (                    ),1
RuRuXe (魯魯魯魯魯魯),1
lamigo (lamigo),1
zczcgery (水藍藍),1
op78920 (彤ㄦ),1
nicegrenade (Take my soul away),1
saxmilk (Dreamer),1
buyoo (順其自然),1
heavenlyken (阿凱),1
litry (梨菜),1
NameIsJOE (喬),1
vielna (hess),1
sakura9bear (登登登登~),1
fatpooh (i live in 100 aker wood),1
Ori78 (EJ),1
tinna0925 (鋼琴上的貓),1
penny0227 (每一天都是新的練習),1
yule1224 (支持自經區服貿貨貿),1
IAMACAT (貓咪),1
henry1016a (Henry),1
agnme2 (基督是我滿足),1
johnsky75 (兩萬字的自療),1
mekida (Mekida),1
fyjop2012 (必要的暱稱),1
siuo ( ),1
MaryWorkHard (小妹),1
mewking (喵王),1
yixin (yixin),1
OATF (阿血),1
liuhuise (Lizzzz),1
myislet (忘了。),1
likemikuone (小姆),1
fffwww (fff),1
joyceifan (momokoshih),1
illylover (內含宅男的腐女),1
iris66451017 (iris),1
syf0711 (哇哈哈哈哈!),1
bbstea (4.22.2006),1
Liou (阿拉哈瓜),1
Melodylily (薰衣草香的午後),1
hahaha0714 (veigar),1
LED (LED燈 發光二極體),1
eunicechen (擁抱藍天),1
sherryq (sherry),1
yclsumi (寶ㄝ),1
prophage (嗜菌體),1
loveeileen (誰還記得是誰),1
ssmk (啊啦啦),1
Xjspca (米血),1
kevin2007 (小小丑),1
kjeru (好不容易),1
ttps871013 (PaulLIN),1
imrc1122 (芮卡),1
bolla (荷包漸瘦終不悔),1
Uehara5566 (鶯歌費德勒),1
vash0305 (VTS),1
joanna12344 (蛋黃妹),1
ryu827 (Madao),1
s97852 (亞格),1
hardjay (DM),1
divingkame (annie),1
rick030215 (灌籃小言),1
epistemie (),1
IamaJaeger (獵手),1
aminx (月),1
hyxs0 (guest),1
vickyvv (vicky),1
wami0613 (哭著微笑),1
wami0613 (依賴一個人的存在),1
Artemisulove (冷靜),1
moius (moius),1
patmuffin (白夜),1
findone (緣來是你),1
verna84 (),1
w012917 (生命的價值),1
optimism118 (我們一起走著),1
